PDBID,Fitness function,Sequence,Identity,RMSD,RMSDNorm,GDT,TMScore,ContactMapRMS,ContactMapNorm,Cyclization,CyclizationZScore,RosettaEnergyFunction,pLDDT,Fitness,CyclizationNorm,Gamma
1JBL,rmsd50cyc50,CCIQRTSHTMTWCC,0,2.496794567,0.285976194,0.566964286,0.542250812,2.012856722,0.331910905,1.319453597,-0.051040829,1095.815951,0.663668468,0.641715324,0.997454455,0.78220937
1JBL,rmsd50cyc51,CIRADNDGEILHKC,0.071428571,2.174639803,0.314996366,0.647321429,0.613971293,1.403272867,0.416099234,1.328567266,0.035771963,3392.035423,0.648813889,0.65660548,0.998214595,0.822768012
1JBL,rmsd50cyc52,CGWWYRGYHSPTSC,0,2.575363134,0.27969187,0.59375,0.552678585,2.175661087,0.314895064,1.323943615,-0.0082709,2178.600637,0.562442017,0.639639248,0.999586626,0.796668313
1K83,rmsd50cyc53,CWMNYGGC,0.125,1.795767133,0.357683581,0.7109375,0.477638543,1.038298249,0.490605337,1.294210076,-0.291499465,1002.871526,0.610030645,0.671658993,0.985634405,0.848285952
1K83,rmsd50cyc54,CCMAAGEC,0,1.855097999,0.350250674,0.7109375,0.469368458,1.194768429,0.455628934,1.319011688,-0.055250257,1787.420117,0.62044898,0.673747886,0.997245098,0.854091299
1K83,rmsd50cyc55,CMSHYGCC,0,1.892850386,0.34567982,0.7421875,0.480966449,1.233633161,0.44770109,1.337074876,0.116811695,2111.055924,0.564324138,0.669936575,0.99419333,0.868190415
1QVK,rmsd50cyc56,HWNGTW,0,1.557697862,0.390976595,0.822916667,0.389981896,1.025626659,0.493674387,1.585976124,2.487735118,562.1702398,0.650373684,0.640175143,0.889373692,0.856145179
1QVK,rmsd50cyc57,CGAGWC,0,1.201036713,0.454331359,0.885416667,0.459386468,0.634134948,0.611944565,1.3055861,-0.183136488,807.0455534,0.58015641,0.72262881,0.990926262,0.938171464
1QVK,rmsd50cyc58,CSYYYC,0,1.358947543,0.423917862,0.84375,0.423288822,1.039156079,0.49039895,1.283709407,-0.391524207,1802.498628,0.677148148,0.702358761,0.98079966,0.91227483
1QVL,rmsd50cyc59,CMNNYC,0,1.134643543,0.468462289,0.885416667,0.498594552,0.701829851,0.587602809,1.310835242,-0.133135472,3214.383955,0.641360417,0.730924767,0.993387246,0.939401956
1QVL,rmsd50cyc60,NAYWYG,0.166666667,1.700102027,0.370356375,0.791666667,0.353194475,1.006825089,0.498299531,1.412191629,0.832340733,1331.162402,0.665429091,0.665201058,0.960045741,0.875856204
1QVL,rmsd50cyc61,CAWYWC,0.166666667,1.197532011,0.455055942,0.885416667,0.476240963,0.861832261,0.537105313,1.430632949,1.008004602,861.0945107,0.607150877,0.703537006,0.95201807,0.918717368
1SKI,rmsd50cyc62,CWADRC,0.166666667,1.230075696,0.448415272,0.864583333,0.430207819,0.892586768,0.52837736,1.294560432,-0.288162127,1040.873829,0.614246,0.717105905,0.985796539,0.925189936
1SKI,rmsd50cyc63,CANNYC,0,1.203858912,0.453749555,0.90625,0.509301662,0.506215453,0.663915642,1.334499955,0.092284137,738.0054328,0.630082222,0.72457827,0.995406986,0.950828493
1SKI,rmsd50cyc64,CFKWYC,0,1.034552645,0.49150854,0.916666667,0.556807756,0.347992063,0.741844131,1.296598434,-0.268749019,614.7075281,0.607806897,0.73912463,0.98674072,0.951703693
1SKK,rmsd50cyc65,CAWFWC,0.166666667,1.119860228,0.471729214,0.927083333,0.518113852,0.481377214,0.67504751,1.340722322,0.151555661,794.1387089,0.622367857,0.732104211,0.992479208,0.959781271
1SKK,rmsd50cyc66,CFYWWC,0.166666667,1.122886198,0.47105681,0.875,0.494636655,0.597027004,0.626163489,1.337235451,0.118341261,987.5914761,0.649473016,0.732587276,0.994117743,0.934558871
1SKK,rmsd50cyc67,CQFNYC,0,1.123757353,0.470863584,0.90625,0.568698466,0.482642323,0.674471506,1.329396129,0.043667339,934.0665413,0.614125,0.734342487,0.99782139,0.952035695
2LWS,rmsd50cyc68,CAMNRSSGYAFL,0,2.307040352,0.302385182,0.666666667,0.558221042,1.857411146,0.349967138,1.284543276,-0.383581139,823.3748603,0.695637778,0.64178352,0.981181857,0.823924262
2LWS,rmsd50cyc69,CFHDWHTWYNWC,0,1.739593309,0.365017682,0.770833333,0.686823547,1.459594607,0.406571065,1.320824623,-0.03798104,807.4465243,0.640465833,0.681561115,0.998104548,0.88446894
2LWS,rmsd50cyc70,CCCPTHCNAGMH,0.083333333,2.636020983,0.275025916,0.557291667,0.464338213,2.327107668,0.300561358,1.318497777,-0.060145549,813.6176355,0.607354217,0.636013827,0.997001739,0.777146703
2NDL,rmsd50cyc71,CNQASYWRGRYILAWC,0,2.107818998,0.321769061,0.6875,0.689098835,1.813867688,0.355382737,1.319554806,-0.050076759,1014.529507,0.744133094,0.659635738,0.997502416,0.842501208
2NDL,rmsd50cyc72,CCVHRNALGAMEDTNC,0,1.839249868,0.352205705,0.73828125,0.745373487,1.197223902,0.455119753,1.327195168,0.022701955,1292.21066,0.767203448,0.675535947,0.998866189,0.86857372
2NDL,rmsd50cyc73,CAVKHAINGAIFQAGC,0.0625,2.526760097,0.283546363,0.61328125,0.607151568,2.238383055,0.308796082,1.350197792,0.241814802,688.7378157,0.79056,0.635800031,0.988053699,0.800667475
2NDM,rmsd50cyc74,CMYATYASGWNAC,0,1.522591568,0.396417721,0.783653846,0.748908997,1.08062923,0.480623835,1.311337233,-0.128353734,808.7560197,0.662145918,0.695020479,0.993623237,0.888638542
2NDM,rmsd50cyc75,CRAYWNNEFQSWC,0.076923077,1.189820415,0.456658452,0.865384615,0.830109239,0.736234963,0.575958912,1.467730284,1.361377439,1160.822047,0.704914286,0.696463831,0.936269211,0.900826913
2NDM,rmsd50cyc76,CMYWYTEWGGHAC,0.153846154,1.093438556,0.477682995,0.903846154,0.860470474,0.573491395,0.635529373,1.323778152,-0.009847023,791.2153391,0.654400901,0.738595443,0.999507891,0.951677023
2NS4,rmsd50cyc77,CHRWTSMGWGYEWC,0.071428571,2.094408043,0.323163586,0.660714286,0.636207104,1.354523778,0.424714335,1.295260072,-0.281497672,820.5239292,0.619124,0.654642028,0.986120469,0.823417377
2NS4,rmsd50cyc78,CRHIDEYGGYWSAC,0,1.962803864,0.337518123,0.696428571,0.665269196,1.487454891,0.402017341,1.321145773,-0.034921908,1227.613932,0.722111304,0.667887536,0.998256948,0.84734276
2NS4,rmsd50cyc79,CCQCTHAFHHVTDC,0,3.175330758,0.239501984,0.5,0.432085097,2.557519913,0.281094702,1.278769135,-0.438583051,1353.922921,0.565525926,0.6090217,0.978541416,0.739270708
2OTQ,rmsd50cyc80,CRWYHC,0.333333333,1.105899449,0.47485648,0.885416667,0.470430046,0.886027932,0.530214841,1.388308525,0.604840823,1430.281778,0.594525424,0.722751087,0.970645693,0.92803118
2OTQ,rmsd50cyc81,CMWGEC,0.166666667,1.320537978,0.430934555,0.864583333,0.486209303,0.470563561,0.68001141,1.326144457,0.012693348,2115.371199,0.601893617,0.715150145,0.999365735,0.931974534
2OTQ,rmsd50cyc82,CAFGYC,0,1.222013862,0.450042197,0.864583333,0.417774051,0.589772165,0.629020952,1.428513169,0.987812517,1117.55265,0.599429545,0.701488095,0.952933994,0.908758663
2OX2,rmsd50cyc83,CDVYSC,0,1.295497569,0.435635399,0.8125,0.376050979,1.038218617,0.490624505,1.332533121,0.073548944,1693.993095,0.665022222,0.715985713,0.996336027,0.904418013
2OX2,rmsd50cyc84,CWWYCC,0.166666667,1.401597677,0.416389477,0.8125,0.326374024,1.05718255,0.486101732,1.365496874,0.387547103,860.7790993,0.584565517,0.698690233,0.980990989,0.896745495
2OX2,rmsd50cyc85,YNEHNW,0,1.514473652,0.397697546,0.78125,0.302806407,0.947555125,0.513464285,1.967513323,6.122090064,623.7443892,0.708495082,0.581666533,0.76563552,0.77344276
